token_answer,answer,distance,question_x,question_y
здравствовать я потребоваться несколько минута для уточнение информация пожалуйста ожидать увеличение кредитный лимит осуществляться банк автоматически на основание анализ ваш кредитный история положительный фактор для увеличение лимит формироваться при активный использование карта и своевременный погашение задолженность банк не давать гарантия на обязательный увеличение лимит в случай увеличение вы обязательно проинформировать SMS сообщение срок увеличение кредитный лимит индивидуальный мочь составлять несколько месяц,увеличение кредитный лимит осуществляться банк автоматически на основание анализ кредитный история клиент положительный фактор для увеличение лимит формироваться при активный использование карта и своевременный погашение задолженность банк не давать гарантия на обязательный увеличение лимит в случай увеличение клиент обязательно информироваться SMS сообщение срок увеличение кредитный лимит индивидуальный мочь составлять несколько месяц,0.9285720892373663,Здраствуйте ! Можно ли оставить заявку на увеличение лимита по карте до 111 тыс. ? ? ?,как я мочь повышать свой кредитный лимит мочь ли я как-либо инициировать его увеличение
здравствовать я потребоваться несколько минута для уточнение информация пожалуйста ожидать увеличение кредитный лимит осуществляться банк автоматически на основание анализ ваш кредитный история положительный фактор для увеличение лимит формироваться при активный использование карта и своевременный погашение задолженность банк не давать гарантия на обязательный увеличение лимит в случай увеличение вы обязательно проинформировать SMS сообщение срок увеличение кредитный лимит индивидуальный мочь составлять несколько месяц,увеличение кредитный лимит осуществляться банк автоматически на основание анализ кредитный история клиент положительный фактор для увеличение лимит формироваться при активный использование карта и своевременный погашение задолженность банк не давать гарантия на обязательный увеличение лимит в случай увеличение клиент обязательно информироваться SMS сообщение срок увеличение кредитный лимит индивидуальный мочь составлять несколько месяц,0.9285720892373663,Добрый день ! Подскажите как мне увеличить кредитный лимит по кредитной карте ? Просто действующий лимит мне недостаточен .,как я мочь повышать свой кредитный лимит мочь ли я как-либо инициировать его увеличение
несколько минута пожалуйста банк увеличивать кредитный лимит автоматически на основание анализ кредитный история клиент положительный фактор для изменение лимит формироваться при активный пользование карта и своевременный погашение задолженность банк не давать гарантия на обязательный увеличение лимит в случай увеличение вы проинформировать смс сообщение,увеличение кредитный лимит осуществляться банк автоматически на основание анализ кредитный история клиент положительный фактор для увеличение лимит формироваться при активный использование карта и своевременный погашение задолженность банк не давать гарантия на обязательный увеличение лимит в случай увеличение клиент обязательно информироваться SMS сообщение срок увеличение кредитный лимит индивидуальный мочь составлять несколько месяц,0.8035457491101853,а как вообще повысить лимит ?,как я мочь повышать свой кредитный лимит мочь ли я как-либо инициировать его увеличение
несколько минута пожалуйста банк увеличивать кредитный лимит автоматически на основание анализ кредитный история клиент положительный фактор для изменение лимит формироваться при активный пользование карта и своевременный погашение задолженность банк не давать гарантия на обязательный увеличение лимит в случай увеличение вы проинформировать смс сообщение,увеличение кредитный лимит осуществляться банк автоматически на основание анализ кредитный история клиент положительный фактор для увеличение лимит формироваться при активный использование карта и своевременный погашение задолженность банк не давать гарантия на обязательный увеличение лимит в случай увеличение клиент обязательно информироваться SMS сообщение срок увеличение кредитный лимит индивидуальный мочь составлять несколько месяц,0.8035457491101853,"Еще вопрос , как увеличить лимит карты . ? да",как я мочь повышать свой кредитный лимит мочь ли я как-либо инициировать его увеличение
несколько минута пожалуйста увеличение кредитный лимит осуществляться банк автоматически на основание анализ ваш кредитный история положительный фактор для увеличение лимит формироваться при активный использование карта и своевременный погашение задолженность,увеличение кредитный лимит осуществляться банк автоматически на основание анализ кредитный история клиент положительный фактор для увеличение лимит формироваться при активный использование карта и своевременный погашение задолженность банк не давать гарантия на обязательный увеличение лимит в случай увеличение клиент обязательно информироваться SMS сообщение срок увеличение кредитный лимит индивидуальный мочь составлять несколько месяц,0.8051886060984936,как мне можноувеличить лемит по кредитной карте ?,как я мочь повышать свой кредитный лимит мочь ли я как-либо инициировать его увеличение
здравствовать пара минута ожидать пожалуйста я открывать информация имя отчество увеличение кредитный лимит осуществляться банк автоматически на основание анализ кредитный история клиент положительный фактор для увеличение лимит формироваться при активный использование карта и своевременный погашение задолженность банк не давать гарантия на обязательный увеличение лимит в случай увеличение клиент информироваться SMS сообщение,увеличение кредитный лимит осуществляться банк автоматически на основание анализ кредитный история клиент положительный фактор для увеличение лимит формироваться при активный использование карта и своевременный погашение задолженность банк не давать гарантия на обязательный увеличение лимит в случай увеличение клиент обязательно информироваться SMS сообщение срок увеличение кредитный лимит индивидуальный мочь составлять несколько месяц,0.929146275060519,Здраствуйте ! ! ! Как можно увеличить кредитный лимит карты ? ?,как я мочь повышать свой кредитный лимит мочь ли я как-либо инициировать его увеличение
увеличение кредитный лимит осуществляться банк автоматически на основание анализ ваш кредитный история положительный фактор для увеличение лимит формироваться при активный использование карта и своевременный погашение задолженность банк не давать гарантия на обязательный увеличение лимит в случай увеличение вы обязательно проинформировать SMS сообщение срок увеличение кредитный лимит индивидуальный мочь составлять несколько месяц,увеличение кредитный лимит осуществляться банк автоматически на основание анализ кредитный история клиент положительный фактор для увеличение лимит формироваться при активный использование карта и своевременный погашение задолженность банк не давать гарантия на обязательный увеличение лимит в случай увеличение клиент обязательно информироваться SMS сообщение срок увеличение кредитный лимит индивидуальный мочь составлять несколько месяц,0.9516000464956113,А что для этого надо ?,как я мочь повышать свой кредитный лимит мочь ли я как-либо инициировать его увеличение
здравствовать сейчас проверять информация пара минута пожалуйста увеличение кредитный лимит осуществляться банк автоматически на основание анализ ваш кредитный история положительный фактор для увеличение лимит формироваться при активный использование карта и своевременный погашение задолженность банк не давать гарантия на обязательный увеличение лимит в случай увеличение вы обязательно проинформировать SMS сообщение срок увеличение кредитный лимит индивидуальный мочь составлять несколько месяц возможно у вы оставаться еще какой-либо вопрос если вопрос еще оставаться писать мы всегда на связь,увеличение кредитный лимит осуществляться банк автоматически на основание анализ кредитный история клиент положительный фактор для увеличение лимит формироваться при активный использование карта и своевременный погашение задолженность банк не давать гарантия на обязательный увеличение лимит в случай увеличение клиент обязательно информироваться SMS сообщение срок увеличение кредитный лимит индивидуальный мочь составлять несколько месяц,0.890144215544173,Добрый вечер ) ) ) когда у меня увеличится лимит по карте ? не хочу пользоваться услугами других банков.интересен только ваш банк,как я мочь повышать свой кредитный лимит мочь ли я как-либо инициировать его увеличение
на текущий момент увеличивать кредитный лимит невозможно поскольку кредитный лимит увеличиваться банк автоматически на основание то как вы использовать карта положительный фактор для увеличение кредитный лимит являться активный использование и своевременный погашение задолженность гарантия на увеличение кредитный лимит нет в случай увеличение кредитный лимит то вы быть обязательно проинформировать SMS сообщение у вы оставаться вопрос если появляться еще вопрос то пожалуйста обращаться,увеличение кредитный лимит осуществляться банк автоматически на основание анализ кредитный история клиент положительный фактор для увеличение лимит формироваться при активный использование карта и своевременный погашение задолженность банк не давать гарантия на обязательный увеличение лимит в случай увеличение клиент обязательно информироваться SMS сообщение срок увеличение кредитный лимит индивидуальный мочь составлять несколько месяц,0.7142092337333315,И увеличить я этот лимит не могу ?,как я мочь повышать свой кредитный лимит мочь ли я как-либо инициировать его увеличение
здравствовать я потребоваться время чтобы предоставлять вы ответ ожидать пожалуйста два минута на текущий момент увеличивать кредитный лимит невозможно поскольку кредитный лимит увеличиваться банк автоматически на основание то как вы использовать карта положительный фактор для увеличение кредитный лимит являться активный использование и своевременный погашение задолженность гарантия на увеличение кредитный лимит нет в случай увеличение кредитный лимит то вы быть обязательно проинформировать SMS сообщение у вы оставаться вопрос,увеличение кредитный лимит осуществляться банк автоматически на основание анализ кредитный история клиент положительный фактор для увеличение лимит формироваться при активный использование карта и своевременный погашение задолженность банк не давать гарантия на обязательный увеличение лимит в случай увеличение клиент обязательно информироваться SMS сообщение срок увеличение кредитный лимит индивидуальный мочь составлять несколько месяц,0.7031393670352376,"Добрый день . В ближайшую время , я пополню карту . Хочу уточнить , а возможно ли мне увеличить кредитный лимит , какие нужны для этого условия ?",как я мочь повышать свой кредитный лимит мочь ли я как-либо инициировать его увеличение
здравствовать сейчас проверять информация пара минута пожалуйста увеличение кредитный лимит осуществляться банк автоматически на основание анализ ваш кредитный история положительный фактор для увеличение лимит формироваться при активный использование карта и своевременный погашение задолженность банк не давать гарантия на обязательный увеличение лимит в случай увеличение вы обязательно проинформировать SMS сообщение возможно у вы оставаться еще какой-либо вопрос,увеличение кредитный лимит осуществляться банк автоматически на основание анализ кредитный история клиент положительный фактор для увеличение лимит формироваться при активный использование карта и своевременный погашение задолженность банк не давать гарантия на обязательный увеличение лимит в случай увеличение клиент обязательно информироваться SMS сообщение срок увеличение кредитный лимит индивидуальный мочь составлять несколько месяц,0.8679108688667151,"Здравствуйте ! Скажите , как увеличить лимит по карте ?",как я мочь повышать свой кредитный лимит мочь ли я как-либо инициировать его увеличение
здравствовать я потребоваться несколько минута чтобы уточнять информация имя отчество увеличение кредитный лимит осуществляться банк автоматически на основание анализ кредитный история клиент положительный фактор для увеличение лимит формироваться при активный использование карта и своевременный погашение задолженность банк не давать гарантия на обязательный увеличение лимит в случай увеличение клиент информироваться SMS сообщение может я мочь еще что-то помогать если у вы быть еще вопрос обращаться весь добрый,увеличение кредитный лимит осуществляться банк автоматически на основание анализ кредитный история клиент положительный фактор для увеличение лимит формироваться при активный использование карта и своевременный погашение задолженность банк не давать гарантия на обязательный увеличение лимит в случай увеличение клиент обязательно информироваться SMS сообщение срок увеличение кредитный лимит индивидуальный мочь составлять несколько месяц,0.8996215194637814,"Здравствуйте . Хочу узнать , а можно поднять кредитный лимит ?",как я мочь повышать свой кредитный лимит мочь ли я как-либо инициировать его увеличение
здравствовать сейчас проверять информация пара минута пожалуйста увеличение кредитный лимит осуществляться банк автоматически на основание анализ ваш кредитный история положительный фактор для увеличение лимит формироваться при активный использование карта и своевременный погашение задолженность банк не давать гарантия на обязательный увеличение лимит в случай увеличение вы обязательно проинформировать SMS сообщение срок увеличение кредитный лимит индивидуальный мочь составлять несколько месяц мочь я вы еще что-то помогать,увеличение кредитный лимит осуществляться банк автоматически на основание анализ кредитный история клиент положительный фактор для увеличение лимит формироваться при активный использование карта и своевременный погашение задолженность банк не давать гарантия на обязательный увеличение лимит в случай увеличение клиент обязательно информироваться SMS сообщение срок увеличение кредитный лимит индивидуальный мочь составлять несколько месяц,0.9272042148051058,Добрый день ! Как возможно увеличить лимит кредитной карты ?,как я мочь повышать свой кредитный лимит мочь ли я как-либо инициировать его увеличение
здравствовать срок увеличение кредитный лимит индивидуальный положительный фактор для повышение лимит формироваться при активный использование карта и своевременный погашение задолженность при это банк не давать гарантия на обязательный увеличение лимит,увеличение кредитный лимит осуществляться банк автоматически на основание анализ кредитный история клиент положительный фактор для увеличение лимит формироваться при активный использование карта и своевременный погашение задолженность банк не давать гарантия на обязательный увеличение лимит в случай увеличение клиент обязательно информироваться SMS сообщение срок увеличение кредитный лимит индивидуальный мочь составлять несколько месяц,0.7691976471756496,"Здравствуйте ! Скажите , пожалуйста , в течении какого времени увеличиваю лимит на карте <bankname> платинум ?",как я мочь повышать свой кредитный лимит мочь ли я как-либо инициировать его увеличение
дата формирование выписка индивидуальный для каждый клиент определяться банк и сообщаться в письмо который вы получать вместе с карта сейчас проверять по ваш счет первый выписка у вы сформировываться,дата формирование выписка индивидуальный для каждый клиент определяться банк и быть сообщать в письмо который вы получать вместе с карта,0.7733321706168793,А когда дата выписки ?,какой число у я быть формироваться выписка
здравствовать пара минута пожалуйста проверять информация как правило зачисление платеж происходить моментально в отдельный случай срок зачисление мочь составлять до рабочий день,как правило зачисление платеж через партнер происходить моментально в отдельный случай срок зачисление мочь составлять до рабочий день,0.8751608144081575,Добрый день ! Подскажите если перевести деньги на электронный кошелек сохраняется ли льготный период ? Какие будут проценты для яндекс кошелька и киви ? Какие будут сроки зачисления ?,как долго идти зачисление средство при оплата
здравствовать как правило зачисление платеж происходить моментально в отдельный случай срок зачисление мочь составлять до рабочий день,как правило зачисление платеж через партнер происходить моментально в отдельный случай срок зачисление мочь составлять до рабочий день,0.933292559946982,здравствуйте . вчера в МТС положил на карту деньги . до сих пор нет на карте . сколько они будут идти . и есть ли способ чтоб деньги сразу были на карте ?,как долго идти зачисление средство при оплата
здравствовать как правило зачисление платеж происходить моментально в отдельный случай срок зачисление мочь составлять до рабочий день,как правило зачисление платеж через партнер происходить моментально в отдельный случай срок зачисление мочь составлять до рабочий день,0.933292559946982,"Сколько идут деньги , если пополнять через офис МТС ?",как долго идти зачисление средство при оплата
здравствовать как правило зачисление платеж происходить моментально в отдельный случай срок зачисление мочь составлять до рабочий день,как правило зачисление платеж через партнер происходить моментально в отдельный случай срок зачисление мочь составлять до рабочий день,0.933292559946982,через Евросеть деньги сразу дойдут ?,как долго идти зачисление средство при оплата
здравствовать как правило зачисление платеж происходить моментально в отдельный случай срок зачисление мочь составлять до рабочий день,как правило зачисление платеж через партнер происходить моментально в отдельный случай срок зачисление мочь составлять до рабочий день,0.933292559946982,Здравствуйте ! Сколько проходит времени между пополнением через терминал Билайн и его отображением в Интернет-банке ?,как долго идти зачисление средство при оплата
здравствовать как правило зачисление платеж происходить моментально в отдельный случай срок зачисление мочь составлять до рабочий день,как правило зачисление платеж через партнер происходить моментально в отдельный случай срок зачисление мочь составлять до рабочий день,0.933292559946982,"Добрый день ! Подскажите , пожалуйста , есть ли временные рамки для зачисления на карту через кассы Связного ?",как долго идти зачисление средство при оплата
здравствовать как правило зачисление платеж происходить моментально в отдельный случай срок зачисление мочь составлять до рабочий день,как правило зачисление платеж через партнер происходить моментально в отдельный случай срок зачисление мочь составлять до рабочий день,0.933292559946982,При оплате наличными в салонах Евросеть или Связной начисление сразу же происходит ?,как долго идти зачисление средство при оплата
здравствовать пожалуйста подождать несколько минута я уточнять информация как я понимать зачисление через терминал телепэй как правило зачисление платеж происходить моментально в отдельный случай срок зачисление мочь составлять до рабочий день,как правило зачисление платеж через партнер происходить моментально в отдельный случай срок зачисление мочь составлять до рабочий день,0.7853784471161924,"Здравствуйте . Сейчас пополняла карту через терминал . Поскольку пользовалась им первый раз , сначала перевела 1111 руб - мгновенно пришла смс о поступлении на счет . В течение 1 минут после этого сразу же перевела 1111 руб - до сих пор не зачислены и смс не пришла ! Что делать ? !",как долго идти зачисление средство при оплата
как правило зачисление происходить моментально в отдельный случай до рабочий день,как правило зачисление платеж через партнер происходить моментально в отдельный случай срок зачисление мочь составлять до рабочий день,0.8284594440631408,вопрос о пополнение карты в Евросеть какой лимит комиссии и как долго он будет идти ? и что нужно для пополнения,как долго идти зачисление средство при оплата
здравствовать как правило зачисление платеж происходить моментально в отдельный случай срок зачисление мочь составлять до рабочий день что-то еще мочь подсказывать если у вы больше вопрос нет то я с вы прощаться все вы добрый,как правило зачисление платеж через партнер происходить моментально в отдельный случай срок зачисление мочь составлять до рабочий день,0.7572174996903397,А через ******* мгновенно пополняется ?,как долго идти зачисление средство при оплата
хорошо пополнять заранее как правило зачисление платеж происходить моментально в отдельный случай срок зачисление мочь составлять до рабочий день мочь я вы еще что-то помогать,как правило зачисление платеж через партнер происходить моментально в отдельный случай срок зачисление мочь составлять до рабочий день,0.819011388667409,ок спасибо ! до 11го это имеется в виду 11 последний день или нужно пополнить заранее ? сколько время идет платеж при пополнении через евросеть1,как долго идти зачисление средство при оплата
как правило зачисление платеж происходить моментально в отдельный случай срок зачисление мочь составлять до рабочий день я мочь вы еще что-нибудь помогать,как правило зачисление платеж через партнер происходить моментально в отдельный случай срок зачисление мочь составлять до рабочий день,0.8777116003593326,После того как приходит сообщение на телефон о том что поступил платеж это значит деньги дошли до банка ?,как долго идти зачисление средство при оплата
здравствовать сейчас посмотреть ожидать пожалуйста как правило зачисление платеж происходить моментально в отдельный случай срок зачисление мочь составлять до рабочий день,как правило зачисление платеж через партнер происходить моментально в отдельный случай срок зачисление мочь составлять до рабочий день,0.8774147901183675,"Добрый день ! Перевел деньги по номеру договора через связной , сколько они будут идти ?",как долго идти зачисление средство при оплата
как правило зачисление платеж происходить моментально в отдельный случай срок зачисление мочь составлять до рабочий день вы в чат,как правило зачисление платеж через партнер происходить моментально в отдельный случай срок зачисление мочь составлять до рабочий день,0.9218377608423404,Как быстрее ?,как долго идти зачисление средство при оплата
здравствовать имя отчество как правило зачисление платеж происходить моментально в отдельный случай срок зачисление мочь составлять до рабочий день,как правило зачисление платеж через партнер происходить моментально в отдельный случай срок зачисление мочь составлять до рабочий день,0.8942904428667411,"ддень . положил деньги на карту через мтс . в итоге деньги зависли гдето между мтсом и банком в системе кредит-корона . уже 1 часа жду . по опыту , сколько времени занимает ?",как долго идти зачисление средство при оплата
здравствовать хорошо никогда не нервничать как правило зачисление платеж происходить моментально в отдельный случай срок зачисление мочь составлять до рабочий день когда вносить платеж,как правило зачисление платеж через партнер происходить моментально в отдельный случай срок зачисление мочь составлять до рабочий день,0.7497206184473865,"Доброго ! Я пополнила карту на 11111р 1 раза через терминал в Евросети , но первый платеж пришел а второй нет . Когда мне начинать нервничать ?",как долго идти зачисление средство при оплата
как правило зачисление платеж происходить моментально в отдельный случай срок зачисление мочь составлять до рабочий день,как правило зачисление платеж через партнер происходить моментально в отдельный случай срок зачисление мочь составлять до рабочий день,0.9416417219419554,"Подскажите , какое время зачисления денег на дебетовую карту через МТС ? Сегодня сделал три перечисления :",как долго идти зачисление средство при оплата
здравствовать как правило зачисление платеж происходить моментально в отдельный случай срок зачисление мочь составлять до рабочий день через QIWI банк не рекомендовать делать пополнение т к списываться комиссия,как правило зачисление платеж через партнер происходить моментально в отдельный случай срок зачисление мочь составлять до рабочий день,0.7849973858778135,"Добрый день . Я положил на кредитную карту деньги через киви терминал , в какой срок деньги придут на карту ?",как долго идти зачисление средство при оплата
как правило зачисление платеж происходить моментально в отдельный случай до рабочий день комиссия со сторона партнер нет,как правило зачисление платеж через партнер происходить моментально в отдельный случай срок зачисление мочь составлять до рабочий день,0.786817977577512,Моментальное зачисление ? Есть ли комиссия ?,как долго идти зачисление средство при оплата
добрый день как правило зачисление платеж происходить моментально в отдельный случай срок зачисление мочь составлять до рабочий день,как правило зачисление платеж через партнер происходить моментально в отдельный случай срок зачисление мочь составлять до рабочий день,0.9237675912392026,"Добрый день ! Подскажите , пожалуйста по поводу пополнения . Вчера через `` Мобил элемент '' пополнил вашу карту в 11:11 четырьмя транзакциями . Деньги ещё не поступили . Когда их примерно можно ожидать ?",как долго идти зачисление средство при оплата
как правило зачисление платеж происходить моментально в отдельный случай срок зачисление мочь составлять до рабочий день принимать рубль доллар евро быть ли у вы еще вопрос,как правило зачисление платеж через партнер происходить моментально в отдельный случай срок зачисление мочь составлять до рабочий день,0.7918691070114762,срок зачисления ? они принимают налом и рубли и евро ?,как долго идти зачисление средство при оплата
и в касса как правило зачисление платеж происходить моментально в отдельный случай срок зачисление мочь составлять до рабочий день,как правило зачисление платеж через партнер происходить моментально в отдельный случай срок зачисление мочь составлять до рабочий день,0.8860151160842301,Если через терминал ?,как долго идти зачисление средство при оплата
здравствовать сейчас уточнять информация минута пожалуйста герб размещать на логотип bankname банк герб род bankname который брать свой начало в XV век род bankname вносить в гербовник родовой книга московский и орловский губерния мочь я вы еще что-то помогать,герб размещать на логотип bankname банк герб род bankname который брать свой начало в XV век род bankname вносить в гербовник родовой книга московский и орловский губерния,0.9757296774144303,Привет ! а что значит цифра 1111 на Вашем логотипе ? ),что значить год на ваш логотип логотип напоминать какой-то древний герб что это за герб какой он отношение иметь к вы
в банкомат если они поддерживать такой функция,да если банкомат поддерживать данный функция,0.8168518982105867,Спасибо а есть другие способы ?,мочь ли я поменять пин код свой карта bankname банк в банкомат
здравствовать да вы мочь сменить пин код через банкомат если он поддерживать данный функция,да если банкомат поддерживать данный функция,0.7340632071465667,есть ли возможность сменить пин код карты через банкомат ?,мочь ли я поменять пин код свой карта bankname банк в банкомат
если данный банкомат быть поддерживать данный функция,да если банкомат поддерживать данный функция,0.9175787665386006,В банкомате любого банка это возможно ?,мочь ли я поменять пин код свой карта bankname банк в банкомат
условие страхование распространяться на любой средство размещать физический лицо в наш банк в тот число находиться на карта накопительный счет начислять процент также застраховывать максимальный сумма страховой выплата на один клиент составлять млн рубль но это не означать потеря денежный средство свыше млн рубль т к у наш банк быть актив реализовать который государство быть обязанный исполнять весь обязательство по выплата денежный средство независимо от сумма в такой случай как правило обращаться можно быть в отделение определенный банк располагать в ваш регион вы всегда смочь обращаться в сам агентство по страхование вклад по бесплатный телефон там вы помогать и объяснять порядок действие и срок если вдруг вы не смочь добираться до банк то заявление можно быть отправлять по почта в порядок указывать в сообщение который быть давать агентство по страхование вклад выплата вы также смочь получать почтовый перевод,да условие страхование распространяться на любой средство размещать физический лицо в наш банк в тот число находиться на карта накопительный счет начислять процент также застраховывать максимальный сумма страховой выплата на один клиент составлять млн рубль но это не означать потеря денежный средство свыше млн рубль т к у наш банк быть актив реализовать который государство быть обязанный исполнять весь обязательство по выплата денежный средство независимо от сумма,0.7645255230349975,"Понятно . И еще такой вопрос . Вы интернет банк . Если в условиях нашей не стабильной ситуации в стране , по каким то причинам у вас отзовут лицензию или что еще случится , то каким образом я смогу получить свои средства с карты и если открою вклад ? Ведь офисов у вас нет",распространяться ли условие страхование на средство находиться на дебетовый карта накопительный счет
да заявка один клиент мочь оформлять выпуск не более дополнительный карта в тот число на свой имя оформляться,один клиент мочь оформлять выпуск не более дополнительный карта в т ч на свой имя,0.7884759645556686,и еще влпрос- сколько \ могу допок открыть ?,сколько дополнительный карта я мочь получать
здравствовать один клиент мочь оформлять выпуск не более дополнительный карта в тот число на свой имя,один клиент мочь оформлять выпуск не более дополнительный карта в т ч на свой имя,0.907357773084609,Ограничения на количество дополнительных карт нет ?,сколько дополнительный карта я мочь получать
здравствовать первоначально банк мочь устанавливать небольшой кредитный лимит из-за то что у вы отсутствовать положительный кредитный история в наш банк банк регулярно пересматривать лимит и увеличивать они тот клиент который активно пользоваться карта и вовремя вносить платеж мы обязательно проинформировать вы SMS сообщение если банк увеличивать ваш лимит мочь еще что-нибудь помогать,первоначально установленный лимит мочь быть небольшой один из причина мочь являться отсутствие положительный кредитный история в наш банк банк регулярно пересматривать кредитный лимит и увеличивать они тот клиент который активно пользоваться карта и вовремя вносить платеж в случай увеличение лимит мы обязательно проинформировать вы SMS сообщение,0.816369133027343,"Здравствуйте . У меня проблема такая . Оформлял кредит через интернет на сумму 111 111 рублей и на каком-то этапе забросил , спустя день оформил международную карту . Дня через три позвонили и сказали , что я недооформил заявку на кредит и по телефону заполнили не достоющую информацию . Дня через три позвонили снова , взяли контактные данные . Минут через 11 пришло смс о том , что кредит оформлен . Итог , неделя ожидания . Международная карта с лимитом в 1 111 руб . Для чего она мне ? !",почему банк устанавливать я такой маленький кредитный лимит
здравствовать сейчас открывать информация несколько минута пожалуйста как я видеть действительно кредитный лимит составлять руб первоначально банк мочь устанавливать небольшой кредитный лимит из-за то что отсутствовать положительный кредитный история в наш банк однако банк регулярно пересматривать лимит и увеличивать они тот клиент который активно пользоваться карта и вовремя вносить платеж к сожаление гарантия об увеличение давать не мочь если это происходить обязательно получать SMS сообщение об увеличение лимит мочь еще что-нибудь помогать,первоначально установленный лимит мочь быть небольшой один из причина мочь являться отсутствие положительный кредитный история в наш банк банк регулярно пересматривать кредитный лимит и увеличивать они тот клиент который активно пользоваться карта и вовремя вносить платеж в случай увеличение лимит мы обязательно проинформировать вы SMS сообщение,0.7270221043074524,А что-же у меня лимит по карте всего 1111 ?,почему банк устанавливать я такой маленький кредитный лимит
первоначально банк мочь устанавливать небольшой кредитный лимит из-за то что у вы отсутствовать положительный кредитный история в наш банк банк регулярно пересматривать лимит и увеличивать они тот клиент который активно пользоваться карта и вовремя вносить платеж вы обязательно поступать SMS сообщение если банк увеличивать ваш лимит,первоначально установленный лимит мочь быть небольшой один из причина мочь являться отсутствие положительный кредитный история в наш банк банк регулярно пересматривать кредитный лимит и увеличивать они тот клиент который активно пользоваться карта и вовремя вносить платеж в случай увеличение лимит мы обязательно проинформировать вы SMS сообщение,0.8110544682838838,Я при заказе карточки указывал 111.111р Как можно увеличить лимит ? ?,почему банк устанавливать я такой маленький кредитный лимит
здравствовать пара минута пожалуйста проверять информация первоначально банк мочь устанавливать небольшой кредитный лимит из-за то что у вы отсутствовать положительный кредитный история в наш банк банк регулярно пересматривать лимит и увеличивать они тот клиент который активно пользоваться карта и вовремя вносить платеж вы в чат,первоначально установленный лимит мочь быть небольшой один из причина мочь являться отсутствие положительный кредитный история в наш банк банк регулярно пересматривать кредитный лимит и увеличивать они тот клиент который активно пользоваться карта и вовремя вносить платеж в случай увеличение лимит мы обязательно проинформировать вы SMS сообщение,0.7631245736951889,"Здравствуйте я хотела бы спросить , вот мне банк одобрил 11111 р , мне всегда будет только эта сумма даваться ?",почему банк устанавливать я такой маленький кредитный лимит
здравствовать сейчас проверять пара минута пожалуйста первоначально банк мочь устанавливать небольшой кредитный лимит из-за то что у вы отсутствовать положительный кредитный история в наш банк банк регулярно пересматривать лимит и увеличивать они тот клиент который активно пользоваться карта и вовремя вносить платеж вы обязательно получать SMS если банк увеличивать ваш лимит,первоначально установленный лимит мочь быть небольшой один из причина мочь являться отсутствие положительный кредитный история в наш банк банк регулярно пересматривать кредитный лимит и увеличивать они тот клиент который активно пользоваться карта и вовремя вносить платеж в случай увеличение лимит мы обязательно проинформировать вы SMS сообщение,0.7849898565243687,"Здравствуйте , получил вашу кредитную карту-на ней 11111 т.р.Рассчитывал тысяч на 11 или 11.Можно увеличить сумму ?",почему банк устанавливать я такой маленький кредитный лимит
здравствовать несколько минута пожалуйста кредитный карта bankname банк выпускаться гражданин рф в возраст от до год для женщина от до год для мужчина иметь регистрация постоянный временный на территория рф оформлять заявка на кредитный карта можно на наш сайт или по телефон звонок по россия бесплатный в тот число с мобильный телефон вы в чат,кредитный карта bankname банк выпускаться гражданин рф в возраст от до год для женщина от до год для мужчина иметь регистрация постоянный временный на территория рф дополнительный карта выпускаться гражданин рф в возраст от год,0.808646957726614,"здравствуйте , парень хочет приобрести кредитную карту , какие условия должны быть ? ответьте подробно",на кто мочь быть оформлять кредитный карта
кредитный карта bankname банк выпускаться гражданин рф в возраст от до год для женщина от до год для мужчина иметь регистрация постоянный временный на территория рф для кредит наличные действовать весь тот же условие,кредитный карта bankname банк выпускаться гражданин рф в возраст от до год для женщина от до год для мужчина иметь регистрация постоянный временный на территория рф дополнительный карта выпускаться гражданин рф в возраст от год,0.8867965503735448,"Нужна сумма кредита 111111 , у вас есть такие варианты ?",на кто мочь быть оформлять кредитный карта
здравствовать сейчас проверять информация пара минута пожалуйста кредитный карта bankname банк выпускаться гражданин рф в возраст от до год для женщина от до год для мужчина иметь регистрация постоянный временный на территория рф если у вы больше не оставаться ко я вопрос я с вы прощаться весь добрый,кредитный карта bankname банк выпускаться гражданин рф в возраст от до год для женщина от до год для мужчина иметь регистрация постоянный временный на территория рф дополнительный карта выпускаться гражданин рф в возраст от год,0.8728694636432238,Здравствуйте а если я гражданин стран Снг . Я магу взять кредит . ?,на кто мочь быть оформлять кредитный карта
при оформление заявка указывать,срок вклад вы указывать при оформление заявка на сайт сообщать сотрудник при оформление заявка по звонок в банк,0.7994131509350322,в договоре или в заявке ?,где я должный указывать срок действие мой вклад если я хотеть оформлять вклад на и т д месяц
кредит наличный кредит предоставлять клиент за счет перевод средство со специальный счет на дебетовый карта открытый в наш банк,кредит наличный КН это продукт bankname банк кредит предоставлять клиент за счет перевод средство со специальный кредитный счет на дебетовый карта bankname банк,0.7177748851225473,То есть потребительский ?,что такой кредит наличные
нет кредит наличные мочь быть только один вы мочь подавать заявка на новый кредит наличные после погашение задолженность по текущий кредит,услуга можно пользоваться несколько раз вы мочь подавать заявка на новый кредит наличные после погашение задолженность по текущий кредит,0.8190897856596828,то есть наличными взять не получится ?,сколько раз я мочь воспользоваться предлагать услуга кредит наличные
здравствовать пара минута пожалуйста уточнять информация вы мочь оставлять свой отзыв в интернет на сайт банка ру в раздел народный рейтинг или отправлять он по почта россия по адрес г москва й волоколамский проезд дом строение ао bankname банк или на адрес электронный почта,вы мочь оставлять свой отзыв в интернет на сайт банка ру www banki ru в раздел народный рейтинг или отправлять он по почта россия по адрес г москва й волоколамский проезд дом строение ао bankname банк или на адрес электронный почта credit tinkoff ru,0.7934067361047975,Здравствуйте . Где можно оставить отзыв о банке ?,где я мочь оставлять отзыв о ваш банк выражать благодарность
здравствовать сейчас проверять информация пара минута пожалуйста вы мочь оставлять заявка на закрытие вклад в любой удобный для вы время но банк рекомендовать обращаться заранее за несколько день тогда ваш вклад быть закрывать в запланировать дата,вы мочь оставлять заявка на закрытие вклад в любой удобный для вы время но банк рекомендовать обращаться заранее за несколько день тогда ваш вклад быть закрывать в запланировать дата,0.9425789238194611,"Добрый день ! У меня завтра заканчивается депозит : как мне сделать так , чтобы он не пролонгировался , а деньги поступили на текущий счет ?",я планировать закрывать вклад по окончание срок его действие за сколько день я нужно обращаться в банк для его закрытие или я мочь позвонить в день закрытие
здравствовать сейчас открывать информация пара минута пожалуйста подождать это автоматизированный критерий разрабатывать с учет спрос клиент на подобный услуга и кредитный политика банк сумма не отображаться,это автоматизированный критерий разрабатывать с учет спрос клиент на подобный услуга и кредитный политика банк,0.897979675561301,Здравствуйте скажите до скольки можно залезть в минус по карте ?,на какой сумма максимально я мочь превышать лимит какой критерий использоваться банк для расчет этот сумма
здравствовать минута подождать уточнять информация дополнительный карта мочь быть доставлять только владелец основной карта то быть вы,дополнительный карта быть доставлять владелец основной карта по договор,0.7443741112588048,"Добрый день ! Я заказал дополнительную карту , пользователем будет жена.Сможет ли она её получить без моего личного присутствия ?",кто быть доставлять дополнительный карта
к сожаление нет дополнительный карта быть доставлять владелец основной карта по договор,дополнительный карта быть доставлять владелец основной карта по договор,0.9303542559475092,доставляют мне в руки верно ? можно ли что бы доставили матери ?,кто быть доставлять дополнительный карта
виза и мастеркард являться наиболее распространять международный платежный система который предоставлять качественный сервис и безопасность проведение платеж на одинаково высокий уровень карта со статус GOLD WORLD P это карта более высокий класс чем STANDARD и ELECTRON премиальный карта пользоваться большой доверие у торговый сервисный предприятие вероятность отказ в принятие карта со статус GOLD WORLD P к оплата минимальный также по карта высокий класс GOLD WORLD P можно получать различный скидка в торговый сервисный предприятие по весь мир при оплата карта в ресторан магазин бутик при бронирование отель аренда автомобиль карта мастеркард выпускаться со статус WORLD а виза со статус P,карта со статус GOLD WORLD Platinum это карта более высокий класс чем STANDARD и ELECTRON премиальный карта пользоваться большой доверие у торговый сервисный предприятие вероятность отказ в принятие карта со статус GOLD WORLD Platinum к оплата минимальный также по карта высокий класс GOLD WORLD Platinum можно получать различный скидка в торговый сервисный предприятие по весь мир при оплата карта в ресторан магазин бутик при бронирование отель аренда автомобиль,0.8234994142134092,"ну что-то я даже не знаю ) за полгода ничего не изменилось ) подскажите , пожалуйста , в чем разница ваших карт Мастеркард W**** Виза P******* ? меня интересуют дебетовые",что означать статус карта GOLD WORLD Platinum
процентный ставка указывать в тариф согласно она и начисляться процент,процент быть начисляться согласно действующий процентный ставка по тариф,0.7668341986619382,а на какой процент ?,какой образ быть начисляться процент на сумма превышать максимальный сумма вклад рубль USD EUR какой процентный ставка быть действовать
счет один допы карта привязывать к счет основной по дополнительный карта можно ограничивать сумма расходный лимит допустимый сумма расход в месяц и сумма возможный снятие наличный средство в сутки это дополнительный пластик к основной карта,по дополнительный карта можно ограничивать сумма расходный лимит допустимый сумма расход в месяц и сумма возможный снятие наличный средство в сутки,0.7775294600019799,Окей . Допустим я выпущу её на жену - это будет полностью её отдельная карта ? Или это будет дублёр моей Карты,какой можно устанавливать ограничение на использование средство по дополнительный кредитный карта
договор в наш банк состоять из х часть заявление анкета укбо условие комплексный банковский обслуживание тарифный план,договор в банк состоять из заявление оферта условие комплексный банковский обслуживание укбо и описание тарифный план,0.7801263917316673,"Я бы хотела увидеть свой договор , как можно это сделать ?",из что состоять договор в банк
здравствовать договор с банк состоять из три часть описание тарифный план условие комплексный банковский обслуживание заявление анкета,договор в банк состоять из заявление оферта условие комплексный банковский обслуживание укбо и описание тарифный план,0.7530948784259959,Доброго утра . Могу ли я получить электронный вариант договора ?,из что состоять договор в банк
карта необходимо надрезать вдоль магнитный полоса при наличие чип надрезать также его быть ли у вы еще вопрос,карта необходимо надрезать вдоль магнитный полоса при наличие чип надрезать также его,0.9749245646333013,"поняла , а что сделать с картой ?",что делать с карта после расторжение договор
